scheme,pattern,num_events,pairwise_rank_loss_events,collective_only_events,min_exact_lambda,min_pairwise_safe_lambda,max_pair_correlation_at_collective,worst_pairwise_safe_event_index,worst_block_offset,worst_block_amplitudes,max_pair_correlation_at_worst
baseline,1-1-1-1,1280,0,0,3.57402017368003e-05,3.57402017368003e-05,NaN,1239,16,"1,-1,0,0",0.500000000000003
GPS-rational,1-1-1-1,1280,64,0,0,0.0893163974770392,NaN,34,1,"-1,1,-1,0",0.666666666666672
GPS-rational,2-1-1-1,1280,64,0,0,0.0893163974770392,NaN,34,1,"-1,1,-1,0",0.666666666666672
GPS-rational,1-2-1-1,1280,64,0,0,0.089316397477039,NaN,28,1,"-1,-1,-1,0",0.666666666666672
GPS-rational,2-2-1-1,1280,64,0,0,0.089316397477039,NaN,28,1,"-1,-1,-1,0",0.666666666666672
GPS-rational,1-1-2-1,1280,64,0,0,0.0893163974770389,NaN,30,1,"1,-1,-1,0",0.666666666666672
GPS-rational,2-1-2-1,1280,64,0,0,0.0893163974770389,NaN,30,1,"1,-1,-1,0",0.666666666666672
GPS-rational,1-2-2-1,1280,64,0,0,0.0893163974770393,NaN,36,1,"1,1,-1,0",0.666666666666672
GPS-rational,2-2-2-1,1280,64,0,0,0.0893163974770393,NaN,36,1,"1,1,-1,0",0.666666666666672
GPS-rational,1-1-1-2,1280,64,0,0,0.0893163974770391,NaN,34,1,"-1,1,-1,0",0.666666666666672
GPS-rational,2-1-1-2,1280,64,0,0,0.0893163974770391,NaN,34,1,"-1,1,-1,0",0.666666666666672
GPS-rational,1-2-1-2,1280,64,0,0,0.089316397477039,NaN,28,1,"-1,-1,-1,0",0.666666666666672
GPS-rational,2-2-1-2,1280,64,0,0,0.089316397477039,NaN,28,1,"-1,-1,-1,0",0.666666666666672
GPS-rational,1-1-2-2,1280,64,0,0,0.0893163974770389,NaN,30,1,"1,-1,-1,0",0.666666666666672
GPS-rational,2-1-2-2,1280,64,0,0,0.0893163974770389,NaN,30,1,"1,-1,-1,0",0.666666666666672
GPS-rational,1-2-2-2,1280,64,0,0,0.0893163974770393,NaN,36,1,"1,1,-1,0",0.666666666666672
GPS-rational,2-2-2-2,1280,64,0,0,0.0893163974770393,NaN,36,1,"1,1,-1,0",0.666666666666672
GPS-offset,1-1-1-1,1280,60,0,0,0.0418613672259355,NaN,4,1,"-1,0,-1,-1",0.659180718624029
GPS-offset,2-1-1-1,1280,0,0,0.0171370680590226,0.0171370680590226,NaN,253,4,"-1,0,0,-1",0.5
GPS-offset,1-2-1-1,1280,0,0,0.0161446968659763,0.0161446968659763,NaN,36,1,"1,1,-1,0",0.636890992750404
GPS-offset,2-2-1-1,1280,0,0,0.0161446968659763,0.0161446968659763,NaN,36,1,"1,1,-1,0",0.636890992750404
GPS-offset,1-1-2-1,1280,0,0,0.0161446968659769,0.0161446968659769,NaN,30,1,"1,-1,-1,0",0.636890992750411
GPS-offset,2-1-2-1,1280,0,0,0.0161446968659769,0.0161446968659769,NaN,30,1,"1,-1,-1,0",0.636890992750411
GPS-offset,1-2-2-1,1280,0,0,0.0161446968659769,0.0161446968659769,NaN,6,1,"1,0,-1,-1",0.636890992750405
GPS-offset,2-2-2-1,1280,0,0,0.0161446968659769,0.0161446968659769,NaN,6,1,"1,0,-1,-1",0.636890992750405
GPS-offset,1-1-1-2,1280,0,0,0.0161446968659769,0.0161446968659769,NaN,22,1,"-1,0,1,-1",0.636890992750411
GPS-offset,2-1-1-2,1280,0,0,0.0161446968659769,0.0161446968659769,NaN,22,1,"-1,0,1,-1",0.636890992750411
GPS-offset,1-2-1-2,1280,0,0,0.0161446968659761,0.0161446968659761,NaN,36,1,"1,1,-1,0",0.636890992750405
GPS-offset,2-2-1-2,1280,0,0,0.0161446968659761,0.0161446968659761,NaN,36,1,"1,1,-1,0",0.636890992750405
GPS-offset,1-1-2-2,1280,0,0,0.0161446968659778,0.0161446968659778,NaN,30,1,"1,-1,-1,0",0.636890992750411
GPS-offset,2-1-2-2,1280,0,0,0.0161446968659778,0.0161446968659778,NaN,30,1,"1,-1,-1,0",0.636890992750411
GPS-offset,1-2-2-2,1280,0,0,0.0171370680590227,0.0171370680590227,NaN,1215,16,"1,0,0,-1",0.500000000000004
GPS-offset,2-2-2-2,1280,60,0,0,0.0418613672259373,NaN,34,1,"-1,1,-1,0",0.659180718624029
local-proposed,1-1-1-1,1280,0,0,3.57402017368003e-05,3.57402017368003e-05,NaN,1239,16,"1,-1,0,0",0.500000000000003
local-proposed,2-1-1-1,1280,0,0,3.82092052066157e-05,3.82092052066157e-05,NaN,902,12,"-1,0,1,-1",0.659233761288729
local-proposed,3-1-1-1,1280,0,0,0.000120228110837062,0.000120228110837062,NaN,679,9,"1,-1,0,0",0.500000000000004
local-proposed,1-2-1-1,1280,0,0,7.87834525196518e-05,7.87834525196518e-05,NaN,986,13,"0,1,1,-1",0.664912670827143
local-proposed,2-2-1-1,1280,0,0,3.82092052065468e-05,3.82092052065468e-05,NaN,902,12,"-1,0,1,-1",0.659233761288729
local-proposed,3-2-1-1,1280,0,0,7.87834525192728e-05,7.87834525192728e-05,NaN,986,13,"0,1,1,-1",0.664912670827143
local-proposed,1-3-1-1,1280,0,0,3.45161121906301e-10,3.45161121906301e-10,NaN,1229,16,"0,-1,-1,0",0.500000000000004
local-proposed,2-3-1-1,1280,0,0,3.45161121906301e-10,3.45161121906301e-10,NaN,1229,16,"0,-1,-1,0",0.500000000000004
local-proposed,3-3-1-1,1280,0,0,3.45161343950906e-10,3.45161343950906e-10,NaN,1229,16,"0,-1,-1,0",0.500000000000004
local-proposed,1-1-2-1,1280,0,0,3.57402017368003e-05,3.57402017368003e-05,NaN,1239,16,"1,-1,0,0",0.500000000000003
local-proposed,2-1-2-1,1280,0,0,1.93680590394728e-05,1.93680590394728e-05,NaN,969,13,"1,1,-1,-1",0.692005510600751
local-proposed,3-1-2-1,1280,0,0,8.72092194983408e-05,8.72092194983408e-05,NaN,665,9,"-1,1,1,-1",0.765714101746592
local-proposed,1-2-2-1,1280,0,0,0.000267254446065124,0.000267254446065124,NaN,675,9,"0,1,-1,0",0.500000000000004
local-proposed,2-2-2-1,1280,0,0,6.15521354507585e-05,6.15521354507585e-05,NaN,978,13,"1,1,0,-1",0.665655461901282
local-proposed,3-2-2-1,1280,0,0,8.71808059910712e-05,8.71808059910712e-05,NaN,967,13,"-1,1,-1,-1",0.737251051736046
local-proposed,1-3-2-1,1280,0,0,9.4391752516095e-05,9.4391752516095e-05,NaN,1051,14,"0,-1,0,-1",0.999905608247484
local-proposed,2-3-2-1,1280,0,0,6.82234641902202e-06,6.82234641902202e-06,NaN,1079,14,"1,-1,0,0",0.500000000000002
local-proposed,3-3-2-1,1280,0,0,7.51677195217071e-05,7.51677195217071e-05,NaN,597,8,"-1,-1,0,0",0.500000000000002
local-proposed,1-1-3-1,1280,0,0,6.54973764327808e-06,6.54973764327808e-06,NaN,963,13,"1,-1,-1,-1",0.698228804859014
local-proposed,2-1-3-1,1280,0,0,2.28214372884954e-05,2.28214372884954e-05,NaN,747,10,"1,1,1,-1",0.685240553110804
local-proposed,3-1-3-1,1280,0,0,0.000120228110837173,0.000120228110837173,NaN,677,9,"-1,-1,0,0",0.500000000000002
local-proposed,1-2-3-1,1280,0,0,2.68838663851079e-05,2.68838663851079e-05,NaN,35,1,"0,1,-1,0",0.5
local-proposed,2-2-3-1,1280,0,0,2.68838663851079e-05,2.68838663851079e-05,NaN,35,1,"0,1,-1,0",0.5
local-proposed,3-2-3-1,1280,0,0,2.68838663851079e-05,2.68838663851079e-05,NaN,35,1,"0,1,-1,0",0.5
local-proposed,1-3-3-1,1280,0,0,9.4391752515928e-05,9.4391752515928e-05,NaN,1057,14,"0,1,0,-1",0.999905608247484
local-proposed,2-3-3-1,1280,0,0,6.82234641935509e-06,6.82234641935509e-06,NaN,1079,14,"1,-1,0,0",0.500000000000002
local-proposed,3-3-3-1,1280,0,0,7.51677195214295e-05,7.51677195214295e-05,NaN,597,8,"-1,-1,0,0",0.500000000000002
local-proposed,1-1-1-2,1280,0,0,3.45720078781531e-06,3.45720078781531e-06,NaN,183,3,"0,0,1,-1",0.500000000000002
local-proposed,2-1-1-2,1280,0,0,3.4572007877598e-06,3.4572007877598e-06,NaN,183,3,"0,0,1,-1",0.500000000000002
local-proposed,3-1-1-2,1280,0,0,3.4572007877598e-06,3.4572007877598e-06,NaN,183,3,"0,0,1,-1",0.500000000000002
local-proposed,1-2-1-2,1280,0,0,3.4572007877598e-06,3.4572007877598e-06,NaN,165,3,"0,0,-1,-1",0.500000000000004
local-proposed,2-2-1-2,1280,0,0,6.54074748722643e-08,6.54074748722643e-08,NaN,970,13,"-1,-1,0,-1",0.665954083377076
local-proposed,3-2-1-2,1280,0,0,3.4572007877598e-06,3.4572007877598e-06,NaN,165,3,"0,0,-1,-1",0.500000000000004
local-proposed,1-3-1-2,1280,0,0,3.45161121906301e-10,3.45161121906301e-10,NaN,1229,16,"0,-1,-1,0",0.500000000000004
local-proposed,2-3-1-2,1280,0,0,3.45161121906301e-10,3.45161121906301e-10,NaN,1229,16,"0,-1,-1,0",0.500000000000004
local-proposed,3-3-1-2,1280,0,0,3.45161343950906e-10,3.45161343950906e-10,NaN,1229,16,"0,-1,-1,0",0.500000000000004
local-proposed,1-1-2-2,1280,0,0,3.57402017369668e-05,3.57402017369668e-05,NaN,1239,16,"1,-1,0,0",0.500000000000003
local-proposed,2-1-2-2,1280,0,0,5.91076700566939e-05,5.91076700566939e-05,NaN,979,13,"-1,-1,1,-1",0.693032278256593
local-proposed,3-1-2-2,1280,0,0,6.40306929490331e-06,6.40306929490331e-06,NaN,664,9,"1,0,1,-1",0.664040292592133
local-proposed,1-2-2-2,1280,0,0,0.000163265719849406,0.000163265719849406,NaN,970,13,"-1,-1,0,-1",0.656921145602116
local-proposed,2-2-2-2,1280,0,0,6.54074752244132e-08,6.54074752244132e-08,NaN,970,13,"-1,-1,0,-1",0.665954083377076
local-proposed,3-2-2-2,1280,0,0,6.40306929484693e-06,6.40306929484693e-06,NaN,664,9,"1,0,1,-1",0.664040292592133
local-proposed,1-3-2-2,1280,0,0,4.55979860024843e-05,4.55979860024843e-05,NaN,330,5,"-1,-1,0,-1",0.663713305138248
local-proposed,2-3-2-2,1280,0,0,6.82234641902202e-06,6.82234641902202e-06,NaN,1079,14,"1,-1,0,0",0.500000000000002
local-proposed,3-3-2-2,1280,0,0,6.40306929502441e-06,6.40306929502441e-06,NaN,664,9,"1,0,1,-1",0.664040292592133
local-proposed,1-1-3-2,1280,0,0,5.70732662000729e-06,5.70732662000729e-06,NaN,969,13,"1,1,-1,-1",0.699246434340973
local-proposed,2-1-3-2,1280,0,0,2.58488768379752e-05,2.58488768379752e-05,NaN,82,2,"0,-1,-1,-1",0.666663242842622
local-proposed,3-1-3-2,1280,0,0,2.58488768379059e-05,2.58488768379059e-05,NaN,82,2,"0,-1,-1,-1",0.666663242842622
local-proposed,1-2-3-2,1280,0,0,1.61227400704118e-07,1.61227400704118e-07,NaN,968,13,"0,1,-1,-1",0.666409662233242
local-proposed,2-2-3-2,1280,0,0,6.54074747595073e-08,6.54074747595073e-08,NaN,970,13,"-1,-1,0,-1",0.665954083377076
local-proposed,3-2-3-2,1280,0,0,1.61227400807422e-07,1.61227400807422e-07,NaN,968,13,"0,1,-1,-1",0.666409662233242
local-proposed,1-3-3-2,1280,0,0,7.2694050976483e-06,7.2694050976483e-06,NaN,729,10,"1,1,-1,-1",0.703700891565635
local-proposed,2-3-3-2,1280,0,0,6.82234641913304e-06,6.82234641913304e-06,NaN,1079,14,"1,-1,0,0",0.500000000000002
local-proposed,3-3-3-2,1280,0,0,1.01663250119549e-05,1.01663250119549e-05,NaN,322,5,"0,-1,-1,-1",0.660074659271525
local-proposed,1-1-1-3,1280,0,0,3.57402017368558e-05,3.57402017368558e-05,NaN,1239,16,"1,-1,0,0",0.500000000000003
local-proposed,2-1-1-3,1280,0,0,1.70631836585678e-05,1.70631836585678e-05,NaN,902,12,"-1,0,1,-1",0.666395674059344
local-proposed,3-1-1-3,1280,0,0,0.00012022811083745,0.00012022811083745,NaN,677,9,"-1,-1,0,0",0.500000000000002
local-proposed,1-2-1-3,1280,0,0,6.91590941356295e-08,6.91590941356295e-08,NaN,722,10,"0,-1,-1,-1",0.66653869742287
local-proposed,2-2-1-3,1280,0,0,6.91590940144699e-08,6.91590940144699e-08,NaN,722,10,"0,-1,-1,-1",0.66653869742287
local-proposed,3-2-1-3,1280,0,0,6.91590939246336e-08,6.91590939246336e-08,NaN,740,10,"0,-1,1,-1",0.666538697422864
local-proposed,1-3-1-3,1280,0,0,3.45161121906301e-10,3.45161121906301e-10,NaN,1229,16,"0,-1,-1,0",0.500000000000004
local-proposed,2-3-1-3,1280,0,0,3.45161121906301e-10,3.45161121906301e-10,NaN,1229,16,"0,-1,-1,0",0.500000000000004
local-proposed,3-3-1-3,1280,0,0,3.45161121906301e-10,3.45161121906301e-10,NaN,1229,16,"0,-1,-1,0",0.500000000000004
local-proposed,1-1-2-3,1280,0,0,3.57402017368003e-05,3.57402017368003e-05,NaN,1239,16,"1,-1,0,0",0.500000000000003
local-proposed,2-1-2-3,1280,0,0,3.29423164080403e-05,3.29423164080403e-05,NaN,979,13,"-1,-1,1,-1",0.690870665240292
local-proposed,3-1-2-3,1280,0,0,0.000120228110837284,0.000120228110837284,NaN,677,9,"-1,-1,0,0",0.500000000000002
local-proposed,1-2-2-3,1280,0,0,6.62689688206016e-05,6.62689688206016e-05,NaN,746,10,"0,1,1,-1",0.660893258282483
local-proposed,2-2-2-3,1280,0,0,6.62689688206988e-05,6.62689688206988e-05,NaN,746,10,"0,1,1,-1",0.660893258282483
local-proposed,3-2-2-3,1280,0,0,6.62689688205732e-05,6.62689688205732e-05,NaN,746,10,"0,1,1,-1",0.660893258282483
local-proposed,1-3-2-3,1280,0,0,0.000279758747655356,0.000279758747655356,NaN,113,2,"1,0,-1,0",0.999720241252345
local-proposed,2-3-2-3,1280,0,0,6.82234641902202e-06,6.82234641902202e-06,NaN,1079,14,"1,-1,0,0",0.500000000000002
local-proposed,3-3-2-3,1280,0,0,7.51677195217071e-05,7.51677195217071e-05,NaN,597,8,"-1,-1,0,0",0.500000000000002
local-proposed,1-1-3-3,1280,0,0,3.57402017371888e-05,3.57402017371888e-05,NaN,1239,16,"1,-1,0,0",0.500000000000003
local-proposed,2-1-3-3,1280,0,0,0.000170600845270682,0.000170600845270682,NaN,993,13,"1,0,-1,0",0.999829399154729
local-proposed,3-1-3-3,1280,0,0,2.65103149728237e-05,2.65103149728237e-05,NaN,747,10,"1,1,1,-1",0.706748114554085
local-proposed,1-2-3-3,1280,0,0,1.67025399944311e-05,1.67025399944311e-05,NaN,728,10,"0,1,-1,-1",0.663815770490047
local-proposed,2-2-3-3,1280,0,0,1.67025399942116e-05,1.67025399942116e-05,NaN,728,10,"0,1,-1,-1",0.663815770490047
local-proposed,3-2-3-3,1280,0,0,1.6702539994196e-05,1.6702539994196e-05,NaN,728,10,"0,1,-1,-1",0.663815770490047
local-proposed,1-3-3-3,1280,0,0,0.0001581948025286,0.0001581948025286,NaN,105,2,"-1,1,1,-1",0.976804814782183
local-proposed,2-3-3-3,1280,0,0,6.822346418911e-06,6.822346418911e-06,NaN,1079,14,"1,-1,0,0",0.500000000000002
local-proposed,3-3-3-3,1280,0,0,7.51677195214295e-05,7.51677195214295e-05,NaN,597,8,"-1,-1,0,0",0.500000000000002
